<?xml version='1.0' encoding='UTF-8'?>
<!DOCTYPE sailpoint PUBLIC "sailpoint.dtd" "sailpoint.dtd">
<sailpoint>
	<Rule language="beanshell" name="DemoIntegration" type="Integration">
  <Signature returnType="Object">
    <Inputs>
      <Argument name="identity">
        <Description>
          A sailpoint.object.Identity representing the person being remediated.
        </Description>
      </Argument>
      <Argument name="plan">
        <Description>
          A sailpoint.object.ProvisioningPlan representing remediation.
        </Description>
      </Argument>
      <Argument name="integration">
        <Description>
          A sailpoint.object.IntegrationConfig representing configuration object.
        </Description>
      </Argument>
      <Argument name="context">
        <Description>
          A sailpoint.api.SailPointContext object that can be used to query the database to find the Rule.
        </Description>
      </Argument>
    </Inputs>
  </Signature>
  <Source>

  import sailpoint.object.*;
  import java.util.*;
  import java.text.*;
  import sailpoint.integration.ProvisioningPlan.*;
  import sailpoint.integration.ProvisioningPlan.AccountRequest.*;

  String defaultRequestorDisplayName = "";
  String defaultRequestorID = "";

  Map arguments = (Map)plan.getArguments();
  String requesterName = (String)arguments.get("requester");
  Identity requester =  null;

  if (requesterName != null) 
  {
    requester = context.getObjectByName(Identity.class, requesterName);
  }
  else
  {
    requester = context.getObjectByName(Identity.class, "spadmin");
  }

  defaultRequestorDisplayName = requester.getDisplayableName();
  defaultRequestorID = requester.getName();
  arguments.put("requestedByUserFullName",defaultRequestorDisplayName);
  arguments.put("requestedByUserId",defaultRequestorID);

  String defaultRequesteeDisplayName = identity != null ? identity.getDisplayableName() : defaultRequestorDisplayName;
  String defaultRequesteeID = identity != null ? identity.getName() : defaultRequestorID;
  arguments.put("requesteeUserFullName",defaultRequesteeDisplayName);
  arguments.put("requesteeUserId",defaultRequesteeID);

  List accReqs = plan.getAccountRequests();
  if(accReqs != null )
  {	
    sailpoint.integration.ProvisioningPlan.AccountRequest accReq = accReqs.get(0);
    String op = accReq.getOperation();
    SimpleDateFormat sdf = new SimpleDateFormat("MM/DD/yyyy HH:mm:ss Z");
    String today = sdf.format(new Date());
    if(op.equals(sailpoint.integration.ProvisioningPlan.OP_ACCOUNT_CREATE))
    {
      arguments.put("createDate",today);
      arguments.put("lastModified",today);
    }
    else
    {
      arguments.put("lastModified",today);
    }
  }

  System.out.println("Plan from initializer rule:"+plan.toMap());


  </Source>
</Rule>
<Rule language="beanshell" name="CallIntegration">
  <Source>
	    
	    import sailpoint.object.Identity;
  		import sailpoint.object.Rule;
  		import sailpoint.object.IntegrationConfig;
		import java.util.*;
  		import sailpoint.integration.*;
		import sailpoint.integration.ProvisioningPlan.*;
		import sailpoint.integration.ProvisioningPlan.AccountRequest.*;
		 
		IntegrationConfig integration = context.getObjectByName(IntegrationConfig.class, "DemoIntegrationModule"); 
  		Identity identity = context.getObjectByName(Identity.class,"spadmin");
  		sailpoint.integration.ProvisioningPlan plan1 = new sailpoint.integration.ProvisioningPlan();
  		Map args = new HashMap();
  		args.put("requester","spadmin");
  		plan1.setArguments(args);
  		sailpoint.integration.ProvisioningPlan.AccountRequest accReq =  new sailpoint.integration.ProvisioningPlan.AccountRequest();
  		accReq.setOperation(ProvisioningPlan.OP_ACCOUNT_CREATE);
  		sailpoint.integration.ProvisioningPlan.AttributeRequest attrReq1 =  new sailpoint.integration.ProvisioningPlan.AttributeRequest();
  		attrReq1.setOperation(ProvisioningPlan.OP_SET);
  		attrReq1.setName("category");
  		attrReq1.setValue("Finance");
  		accReq.add(attrReq1);
  		sailpoint.integration.ProvisioningPlan.AttributeRequest attrReq2 =  new sailpoint.integration.ProvisioningPlan.AttributeRequest();
  		attrReq2.setOperation(ProvisioningPlan.OP_SET);
  		attrReq2.setName("type");
  		attrReq2.setValue("Payroll");
  		accReq.add(attrReq2);
  		sailpoint.integration.ProvisioningPlan.AttributeRequest attrReq3 =  new sailpoint.integration.ProvisioningPlan.AttributeRequest();
  		attrReq3.setOperation(ProvisioningPlan.OP_SET);
  		attrReq3.setName("item");
  		attrReq3.setValue("Tax Deduction");
  		accReq.add(attrReq3);
  		sailpoint.integration.ProvisioningPlan.AttributeRequest attrReq4 =  new sailpoint.integration.ProvisioningPlan.AttributeRequest();
  		attrReq4.setOperation(ProvisioningPlan.OP_SET);
  		attrReq4.setName("description");
  		attrReq4.setValue("Excess tax got deducted");
  		accReq.add(attrReq4);
  		plan1.add(accReq);
  		
  		RequestResult result =  null;
  
  		if (integration != null) 
      {  
    		Rule rule = integration.getPlanInitializer();  
        Map arguments = new HashMap();  
        arguments.put("identity", identity);  
        arguments.put("plan", plan1);  
        arguments.put("context", context);   
        context.runRule(rule, arguments);  
        IntegrationExecutor executor = IntegrationManager.getExecutor(integration);  
        executor.configure(context, integration);  
        result = executor.provision("spadmin",plan1);  
  	} 
  	else 
    {  
    	log.error("No integration config");  
  	}  
  	return result.getStatus();
	      
	    
	  </Source>
</Rule>
<IntegrationConfig executor="com.example.integration.DemoIntegrationConfig" name="DemoIntegrationModule" roleSyncStyle="none">
  <Attributes>
    <Map>
      <entry key="databaseHost" value="localhost"/>
      <entry key="databaseName" value="ticketsys"/>
      <entry key="databasePort" value="3306"/>
      <entry key="driver" value="com.mysql.jdbc.Driver"/>
      <entry key="password" value="password"/>
      <entry key="tableName" value="user_tickets"/>
      <entry key="username" value="root"/>
    </Map>
  </Attributes>
  <PlanInitializer>
    <Reference class="sailpoint.object.Rule" name="DemoIntegration"/>
  </PlanInitializer>
</IntegrationConfig>
</sailpoint>
