<?xml version='1.0' encoding='UTF-8'?>
<!DOCTYPE sailpoint PUBLIC "sailpoint.dtd" "sailpoint.dtd">
<sailpoint>
<Rule language="beanshell" name="TestRule">
  <Source>
  import java.io.BufferedReader;
  import java.io.BufferedWriter;
  import java.io.File;
  import java.io.FileNotFoundException;
  import java.io.FileOutputStream;
  import java.io.FileReader;
  import java.io.FileWriter;
  import java.io.IOException;
  import java.io.OutputStreamWriter;
  import java.util.*;
  import sailpoint.tools.*;
  import sailpoint.object.*;
  import sailpoint.tools.GeneralException;
  import java.sql.*;
  import sailpoint.api.*;
  import sailpoint.object.ProvisioningPlan.*;
  import sailpoint.object.ProvisioningPlan.AttributeRequest;
  import sailpoint.object.ProvisioningPlan.AccountRequest.*;

  ProvisioningPlan plan = new ProvisioningPlan();
  List accountRequests = new ArrayList();
  Identity user = context.getObjectByName(Identity.class,"1003");
  ProvisioningPlan.AccountRequest accountRequest = new ProvisioningPlan.AccountRequest();
  accountRequest.setOperation(ProvisioningPlan.AccountRequest.Operation.Create);
  accountRequest.setApplication("TARGET");
  accountRequest.setNativeIdentity("1003");

  accountRequest.add(new AttributeRequest("ACCOUNTID","1003"));
  accountRequest.add(new AttributeRequest("ACCOUNTNAME","RPONTING"));
  accountRequest.add(new AttributeRequest("ACCOUNTDESCRIPTION","Account 3"));
  accountRequest.add(new AttributeRequest("ACCOUNTHOMEPATH","C:\\USER\\RPONTING"));
  accountRequests.add(accountRequest);
  plan.setAccountRequests(accountRequests);
  plan.setIdentity(user);
	
  Provisioner prov =  new Provisioner(context);
  prov.execute(plan);
  return prov.getProject();
  </Source>
</Rule>
<IntegrationConfig executor="com.example.integration.ProvisionIntegrationModule" name="ProvisioningIntegrationModule" roleSyncStyle="none">
  <Attributes>
    <Map>
      <entry key="operations" value="Create,Modify"/>
    </Map>
  </Attributes>
  <ManagedResources>
    <ManagedResource>
      <ApplicationRef>
        <Reference class="sailpoint.object.Application" name="TARGET"/>
      </ApplicationRef>
    </ManagedResource>
  </ManagedResources>
</IntegrationConfig>
</sailpoint>
