<?xml version='1.0' encoding='UTF-8'?>
<!DOCTYPE Plugin PUBLIC "sailpoint.dtd" "sailpoint.dtd">
<Plugin certificationLevel="None" displayName="RuleIQ"   minSystemVersion="7.1"  name="RuleIQ" version="1.0">  
  <Attributes>  
    <Map>  
      <entry key="fullPage">  
        <value>  
          <FullPage title="RuleIQ"/>  
        </value>  
      </entry>  
      <entry key="minUpgradableVersion" value="1.0"/>  
      <entry key="restResources">  
        <value>  
          <List>  
            
			 <String>com.codeiq.rest.SailcodeController</String>
              
          </List>  
        </value>  
      </entry>  
      <entry key="snippets">     
          <value>  
               <List>  
                    <Snippet regexPattern="^(?!.*(debug.jsf)).*" rightRequired="">  
                         <Scripts>  
                                <String>/ui/js/codemirror/lib/codemirror.js</String>
								<String>/ui/js/codemirror/addon/lint/lint.js</String>
								<String>/ui/js/codeiqApi.js</String>
                                <String>/ui/js/codeIqmain.js</String>
                                <String>/ui/js/codemirror/addon/edit/matchbrackets.js</String>
                                <String>/ui/js/codemirror/addon/selection/active-line.js</String>
                                <String>/ui/js/codemirror/mode/clike/clike.js</String>
                                <String>/ui/js/codemirror/mode/markdown/markdown.js</String>
                                <String>/ui/js/codemirror/addon/hint/javascript-hint.js</String>
                                <String>/ui/js/codemirror/mode/javascript/javascript.js</String>
                                <String>/ui/js/codemirror/addon/hint/show-hint.js</String>
								<String>/ui/js/codemirror/addon/lint/css-lint.js</String>
								<String>/ui/js/codemirror/addon/lint/json-lint.js</String>
								<String>/ui/js/codemirror/addon/lint/javascript-lint.js</String>
                         </Scripts>  
                         <StyleSheets>       
                                <String>/ui/js/codemirror/lib/codemirror.css</String>
                                <String>/ui/css/codeiq.css</String>
                                <String>/ui/js/codemirror/addon/hint/show-hint.css</String>
								<String>/ui/js/codemirror/addon/lint/lint.css</String>
                         </StyleSheets>  
                    </Snippet>  
                    
             </List>  
       </value>  
     </entry>
      <entry key="settings">  
        <value>  
          <List>  
            <Setting dataType="boolean" defaultValue="false" helpText="Just to Enable Disable Logs of RuleIQ" label="Show RuleIQ Logs" name="showlogs" value="false"/>  
             </List>  
        </value>  
      </entry>  
    </Map>  
  </Attributes>  
  <File>  
    <Reference class="sailpoint.object.PersistedFile"  name="RuleIQ.zip"/>  
  </File> 
</Plugin>  